{
    "version": 0,
    "presetName": "Custom",
    "stars": true,
    "topColor": {
        "r": 9.999899930335233e-7,
        "g": 9.999934036386549e-7,
        "b": 9.999999974752428e-7,
        "a": 1.0
    },
    "horizonColor": {
        "r": 0.14901961386203767,
        "g": 0.26274511218070986,
        "b": 0.3607843220233917,
        "a": 1.0
    },
    "groundColor": {
        "r": 0.0235294122248888,
        "g": 0.08235294371843338,
        "b": 0.13333334028720857,
        "a": 1.0
    },
    "haloColor": {
        "r": 0.2705882489681244,
        "g": 0.3450980484485626,
        "b": 0.40392157435417178,
        "a": 1.0
    },
    "haloExponent": 8.819999694824219,
    "haloStrength": 1.2699999809265137,
    "shadowDistance": 50.0,
    "shadowCascades": 0,
    "shadowCascade4Split": {
        "x": 0.06700000166893006,
        "y": 0.20000000298023225,
        "z": 0.46700000762939455
    },
    "shadowProjection": 1,
    "shadowCascade2Split": 0.20000000298023225,
    "ambientMode": 0,
    "ambientIntensity": 1.0,
    "ambientSkyColor": {
        "r": 0.21176470816135407,
        "g": 0.22745098173618318,
        "b": 0.25882354378700259,
        "a": 1.0
    },
    "ambientEquatorColor": {
        "r": 0.11372549086809159,
        "g": 0.125490203499794,
        "b": 0.13333334028720857,
        "a": 1.0
    },
    "ambientGroundColor": {
        "r": 0.0470588244497776,
        "g": 0.04313725605607033,
        "b": 0.03529411926865578,
        "a": 1.0
    },
    "fog": true,
    "fogColor": {
        "r": 0.14346323907375337,
        "g": 0.2575546205043793,
        "b": 0.3416370153427124,
        "a": 1.0
    },
    "fogMode": 1,
    "fogDensity": 0.02500000037252903,
    "fogStartDistance": 10.0,
    "fogEndDistance": 50.0,
    "defaultReflectionMode": 0,
    "reflectionIntensity": 1.0,
    "cloudShadows": true,
    "cloudSpeed1": 0.07500000298023224,
    "cloudSpeed2": 0.029999999329447748,
    "cloudStrength": 0.5019999742507935,
    "cloudScale": 300.0,
    "cloudIntensity": 0.289000004529953,
    "globalLightEnabled": true,
    "globalLightRotation": {
        "x": 41.0,
        "y": -144.5,
        "z": -102.19999694824219
    },
    "globalLightColor": {
        "r": 0.482876718044281,
        "g": 0.6922192573547363,
        "b": 1.0,
        "a": 1.0
    },
    "globalLightIntensity": 0.800000011920929,
    "globalShadowItensity": 0.5260000228881836,
    "globalLightShadows": 2
}