{
    "version": 0,
    "presetName": "Default",
    "stars": false,
    "topColor": {
        "r": 0.21917808055877686,
        "g": 0.5848819017410278,
        "b": 1.0,
        "a": 1.0
    },
    "horizonColor": {
        "r": 0.47499531507492068,
        "g": 0.7285684943199158,
        "b": 0.9246575236320496,
        "a": 1.0
    },
    "groundColor": {
        "r": 0.04165884479880333,
        "g": 0.23153743147850038,
        "b": 0.38013696670532229,
        "a": 1.0
    },
    "haloColor": {
        "r": 0.5586414337158203,
        "g": 0.6590820550918579,
        "b": 0.784246563911438,
        "a": 1.0
    },
    "haloExponent": 6.0,
    "haloStrength": 1.2000000476837159,
    "shadowDistance": 50.0,
    "shadowCascades": 4,
    "shadowCascade4Split": {
        "x": 0.06700000166893006,
        "y": 0.20000000298023225,
        "z": 0.46700000762939455
    },
    "shadowProjection": 1,
    "shadowCascade2Split": 0.20000000298023225,
    "ambientMode": 3,
    "ambientIntensity": 0.8999999761581421,
    "ambientSkyColor": {
        "r": 0.5600253343582153,
        "g": 0.5913892388343811,
        "b": 0.6541095972061157,
        "a": 1.0
    },
    "ambientEquatorColor": {
        "r": 0.21176470816135407,
        "g": 0.125490203499794,
        "b": 0.13333334028720857,
        "a": 1.0
    },
    "ambientGroundColor": {
        "r": 0.21176470816135407,
        "g": 0.04313725605607033,
        "b": 0.03529411926865578,
        "a": 1.0
    },
    "fog": false,
    "fogColor": {
        "r": 0.2072153389453888,
        "g": 0.5496565103530884,
        "b": 0.6740740537643433,
        "a": 1.0
    },
    "fogMode": 1,
    "fogDensity": 0.03999999910593033,
    "fogStartDistance": 0.0,
    "fogEndDistance": 100.0,
    "defaultReflectionMode": 0,
    "reflectionIntensity": 1.0,
    "cloudShadows": false,
    "cloudSpeed1": 0.11999999731779099,
    "cloudSpeed2": 0.13750000298023225,
    "cloudStrength": 1.0,
    "cloudScale": 200.0,
    "globalLightRotation": {
        "x": 50.0,
        "y": -150.0,
        "z": 0.0
    },
    "globalLightColor": {
        "r": 1.0,
        "g": 0.9578441381454468,
        "b": 0.8390411138534546,
        "a": 1.0
    },
    "globalLightIntensity": 0.44999998807907107,
    "globalLightShadows": 2
}