{
    "version": 0,
    "presetName": "Evening",
    "stars": false,
    "topColor": {
        "r": 0.0,
        "g": 0.2966257333755493,
        "b": 0.7851852178573608,
        "a": 1.0
    },
    "horizonColor": {
        "r": 0.7215686440467835,
        "g": 0.48670509457588198,
        "b": 0.5032837986946106,
        "a": 1.0
    },
    "groundColor": {
        "r": 0.9481481313705444,
        "g": 0.5985429286956787,
        "b": 0.3862825632095337,
        "a": 1.0
    },
    "haloColor": {
        "r": 0.9215686321258545,
        "g": 0.5236039757728577,
        "b": 0.16985774040222169,
        "a": 1.0
    },
    "haloExponent": 14.803999900817871,
    "haloStrength": 1.2519999742507935,
    "shadowDistance": 50.0,
    "shadowCascades": 4,
    "shadowCascade4Split": {
        "x": 0.06700000166893006,
        "y": 0.20000000298023225,
        "z": 0.46700000762939455
    },
    "shadowProjection": 1,
    "shadowCascade2Split": 0.20000000298023225,
    "ambientMode": 0,
    "ambientIntensity": 0.800000011920929,
    "ambientSkyColor": {
        "r": 0.21176470816135407,
        "g": 0.22745098173618318,
        "b": 0.25882354378700259,
        "a": 1.0
    },
    "ambientEquatorColor": {
        "r": 0.21176470816135407,
        "g": 0.125490203499794,
        "b": 0.13333334028720857,
        "a": 1.0
    },
    "ambientGroundColor": {
        "r": 0.21176470816135407,
        "g": 0.04313725605607033,
        "b": 0.03529411926865578,
        "a": 1.0
    },
    "fog": false,
    "fogColor": {
        "r": 0.2072153389453888,
        "g": 0.5496565103530884,
        "b": 0.6740740537643433,
        "a": 1.0
    },
    "fogMode": 1,
    "fogDensity": 0.03999999910593033,
    "fogStartDistance": 0.0,
    "fogEndDistance": 100.0,
    "defaultReflectionMode": 0,
    "reflectionIntensity": 1.0,
    "cloudShadows": false,
    "cloudSpeed1": 0.11999999731779099,
    "cloudSpeed2": 0.13750000298023225,
    "cloudStrength": 1.0,
    "cloudScale": 200.0,
    "globalLightRotation": {
        "x": 30.0,
        "y": 110.0,
        "z": 0.0
    },
    "globalLightColor": {
        "r": 1.0,
        "g": 0.6250704526901245,
        "b": 0.2602739930152893,
        "a": 1.0
    },
    "globalLightIntensity": 0.4000000059604645,
    "globalLightShadows": 2
}