{
    "version": 0,
    "presetName": "Custom",
    "stars": true,
    "topColor": {
        "r": 9.999899930335233e-7,
        "g": 9.999947678807076e-7,
        "b": 9.999999974752428e-7,
        "a": 1.0
    },
    "horizonColor": {
        "r": 9.999899930335233e-7,
        "g": 9.999956773754093e-7,
        "b": 9.999999974752428e-7,
        "a": 1.0
    },
    "groundColor": {
        "r": 9.999899930335233e-7,
        "g": 9.999955636885716e-7,
        "b": 9.999999974752428e-7,
        "a": 1.0
    },
    "haloColor": {
        "r": 9.999999974752428e-7,
        "g": 9.999972689911374e-7,
        "b": 9.999899930335233e-7,
        "a": 1.0
    },
    "haloExponent": 0.0,
    "haloStrength": 0.10000000149011612,
    "shadowDistance": 250.0,
    "shadowCascades": 4,
    "shadowCascade4Split": {
        "x": 0.06700000166893006,
        "y": 0.20000000298023225,
        "z": 0.46700000762939455
    },
    "shadowProjection": 1,
    "shadowCascade2Split": 0.20000000298023225,
    "ambientMode": 0,
    "ambientIntensity": 0.699999988079071,
    "ambientSkyColor": {
        "r": 0.0,
        "g": 1.0,
        "b": 0.412811279296875,
        "a": 1.0
    },
    "ambientEquatorColor": {
        "r": 0.11372549086809159,
        "g": 0.125490203499794,
        "b": 0.13333334028720857,
        "a": 1.0
    },
    "ambientGroundColor": {
        "r": 0.0470588244497776,
        "g": 0.04313725605607033,
        "b": 0.03529411926865578,
        "a": 1.0
    },
    "fog": true,
    "fogColor": {
        "r": 0.5,
        "g": 0.5,
        "b": 0.5,
        "a": 1.0
    },
    "fogMode": 1,
    "fogDensity": 0.009999999776482582,
    "fogStartDistance": 0.0,
    "fogEndDistance": 100.0,
    "defaultReflectionMode": 0,
    "reflectionIntensity": 1.0,
    "cloudShadows": false,
    "cloudSpeed1": 0.11999999731779099,
    "cloudSpeed2": 0.13750000298023225,
    "cloudStrength": 1.8389999866485596,
    "cloudScale": 200.0,
    "cloudIntensity": 1.0,
    "globalLightEnabled": true,
    "globalLightRotation": {
        "x": 130.0,
        "y": 25.0,
        "z": 0.0
    },
    "globalLightColor": {
        "r": 0.12941177189350129,
        "g": 0.12941177189350129,
        "b": 0.12941177189350129,
        "a": 1.0
    },
    "globalLightIntensity": 0.6000000238418579,
    "globalShadowItensity": 1.0,
    "globalLightShadows": 2
}