{
    "version": 0,
    "presetName": "Night",
    "stars": true,
    "topColor": {
        "r": 0.03446418419480324,
        "g": 0.0024005495943129064,
        "b": 0.09259259700775147,
        "a": 1.0
    },
    "horizonColor": {
        "r": 0.05678168684244156,
        "g": 0.013827160000801087,
        "b": 0.2074074149131775,
        "a": 1.0
    },
    "groundColor": {
        "r": 0.025877362117171289,
        "g": 0.00411522900685668,
        "b": 0.07407408952713013,
        "a": 1.0
    },
    "haloColor": {
        "r": 0.06932784616947174,
        "g": 0.18225543200969697,
        "b": 0.49259257316589358,
        "a": 1.0
    },
    "haloExponent": 6.0,
    "haloStrength": 1.0,
    "shadowDistance": 200.0,
    "shadowCascades": 4,
    "shadowCascade4Split": {
        "x": 0.06700000166893006,
        "y": 0.20000000298023225,
        "z": 0.46700000762939455
    },
    "shadowProjection": 1,
    "shadowCascade2Split": 0.20000000298023225,
    "ambientMode": 0,
    "ambientIntensity": 1.0,
    "ambientSkyColor": {
        "r": 0.21176470816135407,
        "g": 0.22745098173618318,
        "b": 0.25882354378700259,
        "a": 1.0
    },
    "ambientEquatorColor": {
        "r": 0.11372549086809159,
        "g": 0.125490203499794,
        "b": 0.13333334028720857,
        "a": 1.0
    },
    "ambientGroundColor": {
        "r": 0.0470588244497776,
        "g": 0.04313725605607033,
        "b": 0.03529411926865578,
        "a": 1.0
    },
    "fog": false,
    "fogColor": {
        "r": 0.5,
        "g": 0.5,
        "b": 0.5,
        "a": 1.0
    },
    "fogMode": 1,
    "fogDensity": 0.009999999776482582,
    "fogStartDistance": 0.0,
    "fogEndDistance": 300.0,
    "defaultReflectionMode": 0,
    "reflectionIntensity": 1.0,
    "cloudShadows": true,
    "cloudSpeed1": 0.11999999731779099,
    "cloudSpeed2": 0.13750000298023225,
    "cloudStrength": 1.0,
    "cloudScale": 350.0,
    "globalLightRotation": {
        "x": 50.0,
        "y": -30.0,
        "z": 0.0
    },
    "globalLightColor": {
        "r": 0.5502908825874329,
        "g": 0.7991411685943604,
        "b": 0.9452054500579834,
        "a": 1.0
    },
    "globalLightIntensity": 0.30000001192092898,
    "globalLightShadows": 1
}